ABSVAR,dLx,dLy
0,-1.7346875895279e-01,7.6076702486004e-02
