ABSVAR,dLx,dLy
0,-1.7354088757325e-01,7.6065581703098e-02
