absvar-value,dLx,dLy
1.0000000000e-02,-1.7325000000e-01,7.3951500000e-02
1.0000000000e-03,-1.7325000000e-01,7.3950000000e-02
1.0000000000e-04,-1.7300000000e-01,7.3950000000e-02
1.0000000000e-05,-1.7500000000e-01,7.4000000000e-02
1.0000000000e-06,-1.5000000000e-01,7.4999999999e-02
1.0000000000e-07,0.0000000000e+00,5.0000000008e-02
