absvar-value,dLx,dLy
1.0000000000e-02,-1.7191000000e-01,7.4150500000e-02
1.0000000000e-03,-1.7190000000e-01,7.4150000000e-02
1.0000000000e-04,-1.7200000000e-01,7.4150000000e-02
1.0000000000e-05,-1.7000000000e-01,7.4500000000e-02
1.0000000000e-06,-2.0000000001e-01,7.4999999999e-02
1.0000000000e-07,0.0000000000e+00,5.0000000008e-02
