absvar-value,dLx,dLy
1.0000000000e-02,-1.7352500000e-01,7.3918000000e-02
1.0000000000e-03,-1.7350000000e-01,7.3915000000e-02
1.0000000000e-04,-1.7350000000e-01,7.3900000000e-02
1.0000000000e-05,-1.7500000000e-01,7.4000000000e-02
1.0000000000e-06,-1.4999999999e-01,6.9999999998e-02
1.0000000000e-07,0.0000000000e+00,1.0000000002e-01
