absvar-value,dLx,dLy
1.0000000000e-02,-1.7345000000e-01,7.3924500000e-02
1.0000000000e-03,-1.7345000000e-01,7.3920000000e-02
1.0000000000e-04,-1.7350000000e-01,7.3950000000e-02
1.0000000000e-05,-1.7000000000e-01,7.3500000000e-02
1.0000000000e-06,-2.0000000001e-01,7.4999999999e-02
1.0000000000e-07,0.0000000000e+00,5.0000000008e-02
