ABSVAR,dLx,dLy
0,-1.3773239910364e-01,-4.0939488141293e-01
1,1.3740116858589e-01,-4.1396882488712e-01
2,-8.0300109424746e-01,8.4659082815469e+00
3,7.9714185051446e-01,8.4911163011234e+00
4,7.2705695427989e-02,-3.1399227818259e+00
5,-7.2504264325114e-02,-3.2155507736878e+00
6,-4.0905872360350e-02,-4.8793363770412e+00
7,4.6908337260470e-02,-4.8992652702037e+00
