ABSVAR,dLx,dLy
0,-1.3612422239564e-01,-4.0457066013322e-01
