ABSVAR,dLx,dLy
0,-1.3778538619488e-01,-4.0953192554388e-01
