ABSVAR,dLx,dLy
0,-1.0547225772504e-02,1.8480462238092e-03
