ABSVAR,dLx,dLy
0,-1.0457275944901e-02,1.8549886414883e-03
