ABSVAR,dLx,dLy
0,-1.3773239910364e-01,-4.0939488141293e-01
