ABSVAR,dLx,dLy
0,-1.0949434749231e+00,-1.0651752182442e+01
