ABSVAR,dLx,dLy
0,-1.3703466785855e-01,-4.0732547662405e-01
