ABSVAR,dLx,dLy
0,-1.1070370394487e+00,-1.0726407722016e+01
