ABSVAR,dLx,dLy
0,-1.0577345139784e-02,1.8458665662948e-03
