ABSVAR,dLx,dLy
0,-1.1063801798140e+00,-1.0723413804821e+01
