ABSVAR,dLx,dLy
0,-1.1048354533084e+00,-1.0714436867177e+01
