ABSVAR,dLx,dLy
0,-1.1072719099112e+00,-1.0725491541786e+01
1,1.1059358573542e+00,-1.0750036894259e+01
2,-1.0166769695311e+01,1.8003605693807e+02
3,1.0114139133672e+01,1.7971319493628e+02
4,-3.1577284123952e-01,-6.1625920536403e+01
5,3.3370664071031e-01,-6.2554100643018e+01
6,-2.9413586267046e-01,-1.0703843079662e+02
7,3.2998807597297e-01,-1.0712922345774e+02
