ABSVAR,dLx,dLy
0,-1.3735672528889e-01,-4.0829007947866e-01
