ABSVAR,dLx,dLy
0,-1.3758942224935e-01,-4.0898072617703e-01
