ABSVAR,dLx,dLy
0,-1.0493856494674e-02,1.8521445021937e-03
