ABSVAR,dLx,dLy
0,-1.3778538619488e-01,-4.0953192554388e-01
1,1.3743798749890e-01,-4.1410605428274e-01
2,-8.0327374984805e-01,8.4683091604140e+00
3,7.9740809550745e-01,8.4935188163774e+00
4,7.2741907911062e-02,-3.1407574296409e+00
5,-7.2509162596049e-02,-3.2163893126071e+00
6,-4.0924389731741e-02,-4.8807641321910e+00
7,4.6918158976758e-02,-4.9006950852867e+00
