ABSVAR,dLx,dLy
0,-1.0991118192883e+00,-1.0678592994568e+01
