ABSVAR,dLx,dLy
0,-1.1072719099112e+00,-1.0725491541786e+01
