absvar-value,dLx,dLy
1.0000000000e-02,-1.1046500000e+00,-1.0281093000e+01
1.0000000000e-03,-1.1045000000e+00,-1.0281210000e+01
1.0000000000e-04,-1.1050000000e+00,-1.0281200000e+01
1.0000000000e-05,-1.1000000000e+00,-1.0281000000e+01
1.0000000000e-06,-1.0000000000e+00,-1.0280000000e+01
1.0000000000e-07,0.0000000000e+00,-1.0300000000e+01
