absvar-value,dLx,dLy
1.0000000000e-02,-1.3712000000e-01,-3.2533905000e-01
1.0000000000e-03,-1.3710000000e-01,-3.2535200000e-01
1.0000000000e-04,-1.3700000000e-01,-3.2535000000e-01
1.0000000000e-05,-1.4000000000e-01,-3.2535000000e-01
1.0000000000e-06,-1.5000000000e-01,-3.2550000000e-01
1.0000000000e-07,0.0000000000e+00,-3.2500000000e-01
