absvar-value,dLx,dLy
1.0000000000e-02,-1.3679500000e-01,-3.2451935000e-01
1.0000000000e-03,-1.3680000000e-01,-3.2453250000e-01
1.0000000000e-04,-1.3700000000e-01,-3.2453500000e-01
1.0000000000e-05,-1.4000000000e-01,-3.2455000000e-01
1.0000000000e-06,-1.0000000000e-01,-3.2450000000e-01
1.0000000000e-07,0.0000000000e+00,-3.2500000000e-01
