absvar-value,dLx,dLy
1.0000000000e-02,-1.0872700000e-02,4.7111592000e-03
1.0000000000e-03,-1.0873500000e-02,4.7107200000e-03
1.0000000000e-04,-1.0870000000e-02,4.7107500000e-03
1.0000000000e-05,-1.0900000000e-02,4.7105000000e-03
1.0000000000e-06,-1.1000000000e-02,4.7100000000e-03
1.0000000000e-07,-1.0000000003e-02,4.7000000000e-03
