absvar-value,dLx,dLy
1.0000000000e-02,-1.1019500000e+00,-1.0625207000e+01
1.0000000000e-03,-1.1020000000e+00,-1.0625480000e+01
1.0000000000e-04,-1.1000000000e+00,-1.0625500000e+01
1.0000000000e-05,-1.1000000000e+00,-1.0625500000e+01
1.0000000000e-06,-1.0000000000e+00,-1.0625000000e+01
1.0000000000e-07,0.0000000000e+00,-1.0600000000e+01
