absvar-value,dLx,dLy
1.0000000000e-02,-1.3588500000e-01,-3.2218910000e-01
1.0000000000e-03,-1.3590000000e-01,-3.2220200000e-01
1.0000000000e-04,-1.3600000000e-01,-3.2220500000e-01
1.0000000000e-05,-1.4000000000e-01,-3.2220000000e-01
1.0000000000e-06,-1.0000000000e-01,-3.2250000000e-01
1.0000000000e-07,0.0000000000e+00,-3.2500000000e-01
