absvar-value,dLx,dLy
1.0000000000e-02,-1.3735000000e-01,-3.2592645000e-01
1.0000000000e-03,-1.3735000000e-01,-3.2593900000e-01
1.0000000000e-04,-1.3700000000e-01,-3.2594000000e-01
1.0000000000e-05,-1.4000000000e-01,-3.2595000000e-01
1.0000000000e-06,-9.9999999996e-02,-3.2600000000e-01
1.0000000000e-07,0.0000000000e+00,-3.2500000000e-01
