absvar-value,dLx,dLy
1.0000000000e-02,-1.0989500000e+00,-1.0246525000e+01
1.0000000000e-03,-1.0990000000e+00,-1.0246625000e+01
1.0000000000e-04,-1.1000000000e+00,-1.0246600000e+01
1.0000000000e-05,-1.1000000000e+00,-1.0246500000e+01
1.0000000000e-06,-1.0000000000e+00,-1.0245000000e+01
1.0000000000e-07,0.0000000000e+00,-1.0250000000e+01
