absvar-value,dLx,dLy
1.0000000000e-02,-1.3749500000e-01,-3.2628075000e-01
1.0000000000e-03,-1.3750000000e-01,-3.2629400000e-01
1.0000000000e-04,-1.3750000000e-01,-3.2629500000e-01
1.0000000000e-05,-1.4000000000e-01,-3.2630000000e-01
1.0000000000e-06,-1.0000000000e-01,-3.2650000000e-01
1.0000000000e-07,0.0000000000e+00,-3.2500000000e-01
