absvar-value,dLx,dLy
1.0000000000e-02,-1.0985500000e+00,-1.0605402500e+01
1.0000000000e-03,-1.0985000000e+00,-1.0605685000e+01
1.0000000000e-04,-1.0950000000e+00,-1.0605700000e+01
1.0000000000e-05,-1.1000000000e+00,-1.0606000000e+01
1.0000000000e-06,-1.0000000000e+00,-1.0605000000e+01
1.0000000000e-07,0.0000000000e+00,-1.0600000000e+01
