absvar-value,dLx,dLy
1.0000000000e-02,4.6115000000e-02,-4.0767190000e+00
1.0000000000e-03,4.6900000000e-02,-3.9590013500e+00
1.0000000000e-04,4.7000000000e-02,-3.9590050000e+00
1.0000000000e-05,5.0000000000e-02,-3.9590000000e+00
1.0000000000e-06,5.0000000001e-02,-3.9590000000e+00
1.0000000000e-07,0.0000000000e+00,-3.9600000000e+00
