absvar-value,dLx,dLy
1.0000000000e-02,1.0077650000e+01,1.7675805000e+02
1.0000000000e-03,1.0070500000e+01,1.7215848000e+02
1.0000000000e-04,1.0070000000e+01,1.7215790000e+02
1.0000000000e-05,1.0050000000e+01,1.7215800000e+02
1.0000000000e-06,1.0000000000e+01,1.7215500000e+02
1.0000000000e-07,1.0000000000e+01,1.7215000000e+02
