absvar-value,dLx,dLy
1.0000000000e-02,-1.3749393948e-01,-3.2628077213e-01
1.0000000000e-03,-1.3750315148e-01,-3.2629363307e-01
1.0000000000e-04,-1.3750441170e-01,-3.2629350345e-01
1.0000000000e-05,-1.3750442800e-01,-3.2629381535e-01
1.0000000000e-06,-1.3750432000e-01,-3.2629587770e-01
1.0000000000e-07,-1.3750374998e-01,-3.2629292800e-01
