absvar-value,dLx,dLy
1.0000000000e-02,-1.0903000000e-02,4.7064978000e-03
1.0000000000e-03,-1.0903500000e-02,4.7060550000e-03
1.0000000000e-04,-1.0905000000e-02,4.7060500000e-03
1.0000000000e-05,-1.0900000000e-02,4.7060000000e-03
1.0000000000e-06,-1.0999999999e-02,4.7050000000e-03
1.0000000000e-07,-9.9999999947e-03,4.7000000000e-03
