absvar-value,dLx,dLy
1.0000000000e-02,3.2980000000e-01,-1.0388000000e+02
1.0000000000e-03,3.2900000000e-01,-1.0177963500e+02
1.0000000000e-04,3.3000000000e-01,-1.0177965000e+02
1.0000000000e-05,3.5000000000e-01,-1.0178000000e+02
1.0000000000e-06,5.0000000007e-01,-1.0178000000e+02
1.0000000000e-07,0.0000000000e+00,-1.0180000000e+02
