absvar-value,dLx,dLy
1.0000000000e-02,-1.1022261394e+00,-1.0266785820e+01
1.0000000000e-03,-1.1022326704e+00,-1.0266883744e+01
1.0000000000e-04,-1.1022405135e+00,-1.0266880245e+01
1.0000000000e-05,-1.1022407200e+00,-1.0266878505e+01
1.0000000000e-06,-1.1022401000e+00,-1.0266870117e+01
1.0000000000e-07,-1.1022085000e+00,-1.0267796590e+01
