absvar-value,dLx,dLy
1.0000000000e-02,7.9577000000e-01,7.3077665000e+00
1.0000000000e-03,7.9600000000e-01,6.9027840000e+00
1.0000000000e-04,7.9600000000e-01,6.9028000000e+00
1.0000000000e-05,7.9500000000e-01,6.9028000000e+00
1.0000000000e-06,8.0000000000e-01,6.9030000000e+00
1.0000000000e-07,1.0000000000e+00,6.9050000000e+00
