absvar-value,dLx,dLy
1.0000000000e-02,-1.0872685082e-02,4.7111594061e-03
1.0000000000e-05,-1.0873162370e-02,4.7107205739e-03
1.0000000000e-07,-1.0873174505e-02,4.7109056100e-03
