absvar-value,dLx,dLy
1.0000000000e-02,4.5720000000e-02,-4.0416190000e+00
1.0000000000e-03,4.6450000000e-02,-3.9248938500e+00
1.0000000000e-04,4.6500000000e-02,-3.9249000000e+00
1.0000000000e-05,5.0000000000e-02,-3.9249000000e+00
1.0000000000e-06,0.0000000000e+00,-3.9245000000e+00
1.0000000000e-07,0.0000000000e+00,-3.9250000000e+00
