absvar-value,dLx,dLy
1.0000000000e-02,9.9332000000e+00,1.7515360000e+02
1.0000000000e-03,9.9270000000e+00,1.7071576000e+02
1.0000000000e-04,9.9250000000e+00,1.7071600000e+02
1.0000000000e-05,9.9500000000e+00,1.7071600000e+02
1.0000000000e-06,1.0000000000e+01,1.7071500000e+02
1.0000000000e-07,1.0000000000e+01,1.7070000000e+02
