absvar-value,dLx,dLy
1.0000000000e-02,5.8314887699e-02,1.1013844305e-01
1.0000000000e-05,5.8905113805e-02,1.1006109521e-01
1.0000000000e-07,5.8905063501e-02,1.1006078516e-01
