absvar-value,dLx,dLy
1.0000000000e-02,7.9390235733e-01,7.2920436870e+00
1.0000000000e-03,7.9415170296e-01,6.8878062552e+00
1.0000000000e-04,7.9414932120e-01,6.8878249937e+00
1.0000000000e-05,7.9414931900e-01,6.8878250360e+00
1.0000000000e-06,7.9414947500e-01,6.8878251316e+00
1.0000000000e-07,7.9414935003e-01,6.8878120400e+00
