absvar-value,dLx,dLy
1.0000000000e-02,3.7891214905e-03,-5.0869667279e-02
1.0000000000e-03,3.7897282584e-03,-5.0870836282e-02
1.0000000000e-04,3.7897348690e-03,-5.0870850853e-02
1.0000000000e-05,3.7897362550e-03,-5.0870851163e-02
1.0000000000e-06,3.7897369999e-03,-5.0870828101e-02
1.0000000000e-07,3.7896025033e-03,-5.0871233335e-02
