absvar-value,dLx,dLy
1.0000000000e-02,1.0121400000e+01,1.7703755000e+02
1.0000000000e-03,1.0113000000e+01,1.7258933000e+02
1.0000000000e-04,1.0110000000e+01,1.7258955000e+02
1.0000000000e-05,1.0100000000e+01,1.7258950000e+02
1.0000000000e-06,1.0000000000e+01,1.7259000000e+02
1.0000000000e-07,1.0000000000e+01,1.7260000000e+02
