absvar-value,dLx,dLy
1.0000000000e-02,7.9390000000e-01,7.2920435000e+00
1.0000000000e-03,7.9415000000e-01,6.8878055000e+00
1.0000000000e-04,7.9450000000e-01,6.8878250000e+00
1.0000000000e-05,7.9500000000e-01,6.8878500000e+00
1.0000000000e-06,8.0000000000e-01,6.8875000000e+00
1.0000000000e-07,1.0000000000e+00,6.8850000000e+00
