absvar-value,dLx,dLy
1.0000000000e-02,-1.3735118987e-01,-3.2592645470e-01
1.0000000000e-03,-1.3736035459e-01,-3.2593939345e-01
1.0000000000e-04,-1.3736168020e-01,-3.2593919143e-01
1.0000000000e-05,-1.3736168250e-01,-3.2593890330e-01
1.0000000000e-06,-1.3736165500e-01,-3.2593605205e-01
1.0000000000e-07,-1.3736140003e-01,-3.2593539500e-01
