absvar-value,dLx,dLy
1.0000000000e-02,3.7926048797e-03,-5.0907933723e-02
1.0000000000e-03,3.7932122768e-03,-5.0909102850e-02
1.0000000000e-04,3.7932192670e-03,-5.0909116696e-02
1.0000000000e-05,3.7932197400e-03,-5.0909115657e-02
1.0000000000e-06,3.7932240500e-03,-5.0909119728e-02
1.0000000000e-07,3.7928600018e-03,-5.0918900220e-02
