absvar-value,dLx,dLy
1.0000000000e-02,-1.0926600000e-02,4.7027873500e-03
1.0000000000e-03,-1.0927000000e-02,4.7023450000e-03
1.0000000000e-04,-1.0925000000e-02,4.7023500000e-03
1.0000000000e-05,-1.0900000000e-02,4.7025000000e-03
1.0000000000e-06,-1.1000000000e-02,4.7050000000e-03
1.0000000000e-07,-1.0000000003e-02,4.7000000000e-03
