absvar-value,dLx,dLy
1.0000000000e-02,5.8112793621e-02,1.0986321306e-01
1.0000000000e-03,5.8701838160e-02,1.0978560682e-01
1.0000000000e-04,5.8701901657e-02,1.0978566312e-01
1.0000000000e-05,5.8701905650e-02,1.0978567094e-01
1.0000000000e-06,5.8701898400e-02,1.0978566307e-01
1.0000000000e-07,5.8701888498e-02,1.0978554948e-01
