absvar-value,dLx,dLy
1.0000000000e-02,-1.3679675633e-01,-3.2451936581e-01
1.0000000000e-03,-1.3680582303e-01,-3.2453261735e-01
1.0000000000e-04,-1.3680724795e-01,-3.2453234442e-01
1.0000000000e-05,-1.3680724400e-01,-3.2453206995e-01
1.0000000000e-06,-1.3680724500e-01,-3.2453199505e-01
1.0000000000e-07,-1.3680745002e-01,-3.2453550350e-01
