absvar-value,dLx,dLy
1.0000000000e-02,7.9816788647e-01,7.3281940790e+00
1.0000000000e-03,7.9841944818e-01,6.9223336831e+00
1.0000000000e-04,7.9841729350e-01,6.9223523698e+00
1.0000000000e-05,7.9841727800e-01,6.9223523809e+00
1.0000000000e-06,7.9841735001e-01,6.9223279278e+00
1.0000000000e-07,7.9841770001e-01,6.9223797265e+00
