absvar-value,dLx,dLy
1.0000000000e-02,5.8609650000e-02,1.1053920000e-01
1.0000000000e-03,5.9201500000e-02,1.1046221000e-01
1.0000000000e-04,5.9200000000e-02,1.1046225000e-01
1.0000000000e-05,5.9200000000e-02,1.1046250000e-01
1.0000000000e-06,5.8999999999e-02,1.1046500000e-01
1.0000000000e-07,5.9999999994e-02,1.1045000000e-01
