absvar-value,dLx,dLy
1.0000000000e-02,7.9816788647e-01,7.3281940790e+00
1.0000000000e-05,7.9841727800e-01,6.9223523809e+00
1.0000000000e-07,7.9841770001e-01,6.9223797265e+00
