absvar-value,dLx,dLy
1.0000000000e-02,7.8858050000e-01,7.2473395000e+00
1.0000000000e-03,7.8880000000e-01,6.8452740000e+00
1.0000000000e-04,7.8850000000e-01,6.8452950000e+00
1.0000000000e-05,7.9000000000e-01,6.8452500000e+00
1.0000000000e-06,8.0000000000e-01,6.8455000000e+00
1.0000000000e-07,1.0000000000e+00,6.8450000000e+00
