absvar-value,dLx,dLy
1.0000000000e-02,3.7833000000e-03,-5.0805815000e-02
1.0000000000e-03,3.7840000000e-03,-5.0806980500e-02
1.0000000000e-04,3.7850000000e-03,-5.0807000000e-02
1.0000000000e-05,3.8000000000e-03,-5.0807000000e-02
1.0000000000e-06,4.0000000005e-03,-5.0805000000e-02
1.0000000000e-07,0.0000000000e+00,-5.0800000000e-02
