absvar-value,dLx,dLy
1.0000000000e-02,7.9710500000e-01,7.3190415000e+00
1.0000000000e-03,7.9735000000e-01,6.9135380000e+00
1.0000000000e-04,7.9750000000e-01,6.9135600000e+00
1.0000000000e-05,8.0000000000e-01,6.9135500000e+00
1.0000000000e-06,8.0000000000e-01,6.9135000000e+00
1.0000000000e-07,9.9999999996e-01,6.9150000000e+00
