absvar-value,dLx,dLy
1.0000000000e-02,5.8757350000e-02,1.1073910000e-01
1.0000000000e-03,5.9350000000e-02,1.1066249500e-01
1.0000000000e-04,5.9350000000e-02,1.1066255000e-01
1.0000000000e-05,5.9350000000e-02,1.1066250000e-01
1.0000000000e-06,5.9500000000e-02,1.1066500000e-01
1.0000000000e-07,6.0000000003e-02,1.1065000000e-01
