absvar-value,dLx,dLy
1.0000000000e-02,-1.0835750000e-02,4.7167588500e-03
1.0000000000e-03,-1.0836500000e-02,4.7163200000e-03
1.0000000000e-04,-1.0835000000e-02,4.7163000000e-03
1.0000000000e-05,-1.0800000000e-02,4.7160000000e-03
1.0000000000e-06,-1.1000000000e-02,4.7200000000e-03
1.0000000000e-07,-1.0000000003e-02,4.7000000000e-03
