absvar-value,dLx,dLy
1.0000000000e-02,-1.1068544403e+00,-1.0291875450e+01
1.0000000000e-05,-1.1068601600e+00,-1.0291983907e+01
1.0000000000e-07,-1.1068880001e+00,-1.0292147510e+01
