absvar-value,dLx,dLy
1.0000000000e-02,5.8314900000e-02,1.1013845000e-01
1.0000000000e-03,5.8905000000e-02,1.1006102500e-01
1.0000000000e-04,5.8905000000e-02,1.1006105000e-01
1.0000000000e-05,5.8900000000e-02,1.1006100000e-01
1.0000000000e-06,5.9000000000e-02,1.1006000000e-01
1.0000000000e-07,5.9999999994e-02,1.1005000000e-01
