absvar-value,dLx,dLy
1.0000000000e-02,-1.0902987388e-02,4.7064975788e-03
1.0000000000e-05,-1.0903465855e-02,4.7060594220e-03
1.0000000000e-07,-1.0903428004e-02,4.7062956700e-03
