absvar-value,dLx,dLy
1.0000000000e-02,3.2800000000e-01,-1.0482274000e+02
1.0000000000e-03,3.3250000000e-01,-1.0286048000e+02
1.0000000000e-04,3.3000000000e-01,-1.0286050000e+02
1.0000000000e-05,3.0000000000e-01,-1.0286050000e+02
1.0000000000e-06,0.0000000000e+00,-1.0286000000e+02
1.0000000000e-07,0.0000000000e+00,-1.0285000000e+02
