absvar-value,dLx,dLy
1.0000000000e-02,5.8775807760e-02,1.1076341708e-01
1.0000000000e-03,5.9368356406e-02,1.1068704256e-01
1.0000000000e-04,5.9368417115e-02,1.1068708109e-01
1.0000000000e-05,5.9368344215e-02,1.1069012631e-01
1.0000000000e-06,5.9368406400e-02,1.1068705704e-01
1.0000000000e-07,5.9368361997e-02,1.1068705211e-01
