absvar-value,dLx,dLy
1.0000000000e-02,3.2925000000e-01,-1.0406547500e+02
1.0000000000e-03,3.3050000000e-01,-1.0211822500e+02
1.0000000000e-04,3.3000000000e-01,-1.0211825000e+02
1.0000000000e-05,3.0000000001e-01,-1.0211800000e+02
1.0000000000e-06,0.0000000000e+00,-1.0212000000e+02
1.0000000000e-07,0.0000000000e+00,-1.0210000000e+02
