absvar-value,dLx,dLy
1.0000000000e-02,-1.3639000000e-01,-3.2346890000e-01
1.0000000000e-03,-1.3640000000e-01,-3.2348200000e-01
1.0000000000e-04,-1.3650000000e-01,-3.2348000000e-01
1.0000000000e-05,-1.3500000000e-01,-3.2350000000e-01
1.0000000000e-06,-1.5000000000e-01,-3.2350000000e-01
1.0000000000e-07,-5.0000000001e-01,-3.2500000000e-01
