absvar-value,dLx,dLy
1.0000000000e-02,-1.0835712189e-02,4.7167589827e-03
1.0000000000e-03,-1.0836181900e-02,4.7163191001e-03
1.0000000000e-04,-1.0836187823e-02,4.7163141669e-03
1.0000000000e-05,-1.0836188420e-02,4.7163206449e-03
1.0000000000e-06,-1.0836181550e-02,4.7163255295e-03
1.0000000000e-07,-1.0836172003e-02,4.7166090300e-03
