absvar-value,dLx,dLy
1.0000000000e-02,3.7926000000e-03,-5.0907935000e-02
1.0000000000e-03,3.7930000000e-03,-5.0909102000e-02
1.0000000000e-04,3.7900000000e-03,-5.0909100000e-02
1.0000000000e-05,3.8000000000e-03,-5.0909000000e-02
1.0000000000e-06,3.9999999996e-03,-5.0910000000e-02
1.0000000000e-07,5.0000000060e-03,-5.0950000000e-02
