absvar-value,dLx,dLy
1.0000000000e-02,4.6010000000e-02,-4.0675825000e+00
1.0000000000e-03,4.6800000000e-02,-3.9501182500e+00
1.0000000000e-04,4.7000000000e-02,-3.9501200000e+00
1.0000000000e-05,5.0000000000e-02,-3.9501500000e+00
1.0000000000e-06,5.0000000001e-02,-3.9500000000e+00
1.0000000000e-07,0.0000000000e+00,-3.9500000000e+00
