absvar-value,dLx,dLy
1.0000000000e-02,9.9915000000e+00,1.7574520000e+02
1.0000000000e-03,9.9850000000e+00,1.7130199500e+02
1.0000000000e-04,9.9850000000e+00,1.7130220000e+02
1.0000000000e-05,1.0000000000e+01,1.7130250000e+02
1.0000000000e-06,1.0000000000e+01,1.7130000000e+02
1.0000000000e-07,1.0000000000e+01,1.7130000000e+02
