absvar-value,dLx,dLy
1.0000000000e-02,4.6234194773e-02,-4.0886101403e+00
1.0000000000e-05,4.6991518500e-02,-3.9706008130e+00
1.0000000000e-07,4.6991750005e-02,-3.9706067110e+00
