absvar-value,dLx,dLy
1.0000000000e-02,-1.3638585232e-01,-3.2346887758e-01
1.0000000000e-03,-1.3639485919e-01,-3.2348201262e-01
1.0000000000e-04,-1.3639632245e-01,-3.2348180386e-01
1.0000000000e-05,-1.3639632150e-01,-3.2348160777e-01
1.0000000000e-06,-1.3639631000e-01,-3.2347565630e-01
1.0000000000e-07,-1.3639575004e-01,-3.2346324700e-01
