absvar-value,dLx,dLy
1.0000000000e-02,5.8480550000e-02,1.1036385000e-01
1.0000000000e-03,5.9071500000e-02,1.1028662500e-01
1.0000000000e-04,5.9075000000e-02,1.1028670000e-01
1.0000000000e-05,5.9050000000e-02,1.1028700000e-01
1.0000000000e-06,5.9000000000e-02,1.1028500000e-01
1.0000000000e-07,6.0000000003e-02,1.1030000000e-01
