absvar-value,dLx,dLy
1.0000000000e-02,4.6111547631e-02,-4.0767192924e+00
1.0000000000e-03,4.6863639620e-02,-3.9590014302e+00
1.0000000000e-04,4.6864152900e-02,-3.9590047376e+00
1.0000000000e-05,4.6864177000e-02,-3.9590047136e+00
1.0000000000e-06,4.6864135003e-02,-3.9590049249e+00
1.0000000000e-07,4.6865649972e-02,-3.9589759180e+00
