absvar-value,dLx,dLy
1.0000000000e-02,-1.0956852306e-02,4.6974569211e-03
1.0000000000e-03,-1.0957325316e-02,4.6970128917e-03
1.0000000000e-04,-1.0957329290e-02,4.6970084053e-03
1.0000000000e-05,-1.0957325790e-02,4.6957146863e-03
1.0000000000e-06,-1.0957695250e-02,4.7238577360e-03
1.0000000000e-07,-1.0957791506e-02,4.7465135450e-03
