absvar-value,dLx,dLy
1.0000000000e-02,1.0126700000e+01,1.7710140000e+02
1.0000000000e-03,1.0159000000e+01,1.7381299500e+02
1.0000000000e-04,1.0120000000e+01,1.7264455000e+02
1.0000000000e-05,1.0100000000e+01,1.7264450000e+02
1.0000000000e-06,1.0000000000e+01,1.7264500000e+02
1.0000000000e-07,1.0000000000e+01,1.7265000000e+02
