absvar-value,dLx,dLy
1.0000000000e-02,-1.0956850000e-02,4.6974568500e-03
1.0000000000e-03,-1.0957500000e-02,4.6970150000e-03
1.0000000000e-04,-1.0960000000e-02,4.6970000000e-03
1.0000000000e-05,-1.0950000000e-02,4.6955000000e-03
1.0000000000e-06,-1.0999999999e-02,4.7250000000e-03
1.0000000000e-07,-9.9999999947e-03,4.7500000000e-03
