absvar-value,dLx,dLy
1.0000000000e-02,3.3105000000e-01,-1.0471801500e+02
1.0000000000e-03,3.3200000000e-01,-1.0276712500e+02
1.0000000000e-04,3.3000000000e-01,-1.0276710000e+02
1.0000000000e-05,3.5000000000e-01,-1.0276700000e+02
1.0000000000e-06,5.0000000007e-01,-1.0277000000e+02
1.0000000000e-07,0.0000000000e+00,-1.0280000000e+02
