absvar-value,dLx,dLy
1.0000000000e-02,-1.1061963336e+00,-1.0289471269e+01
1.0000000000e-03,-1.1061974565e+00,-1.0289578895e+01
1.0000000000e-04,-1.1062046410e+00,-1.0289573777e+01
1.0000000000e-05,-1.1062050250e+00,-1.0289573338e+01
1.0000000000e-06,-1.1062049500e+00,-1.0289583023e+01
1.0000000000e-07,-1.1061809990e+00,-1.0290757130e+01
