absvar-value,dLx,dLy
1.0000000000e-02,4.5881188394e-02,-4.0558773177e+00
1.0000000000e-03,4.6626715550e-02,-3.9387439927e+00
1.0000000000e-04,4.6627244550e-02,-3.9387472636e+00
1.0000000000e-05,4.6627256500e-02,-3.9387475812e+00
1.0000000000e-06,4.6627354998e-02,-3.9387457227e+00
1.0000000000e-07,4.6626750030e-02,-3.9387574555e+00
