absvar-value,dLx,dLy
1.0000000000e-02,4.5880000000e-02,-4.0558775000e+00
1.0000000000e-03,4.6650000000e-02,-3.9387442500e+00
1.0000000000e-04,4.6500000000e-02,-3.9387450000e+00
1.0000000000e-05,4.5000000000e-02,-3.9387500000e+00
1.0000000000e-06,5.0000000001e-02,-3.9390000000e+00
1.0000000000e-07,5.0000000001e-01,-3.9400000000e+00
