absvar-value,dLx,dLy
1.0000000000e-02,3.7647000000e-03,-5.0601640000e-02
1.0000000000e-03,3.7655000000e-03,-5.0602810500e-02
1.0000000000e-04,3.7650000000e-03,-5.0602800000e-02
1.0000000000e-05,3.8000000000e-03,-5.0603000000e-02
1.0000000000e-06,4.0000000005e-03,-5.0605000000e-02
1.0000000000e-07,4.9999999974e-03,-5.0600000000e-02
