absvar-value,dLx,dLy
1.0000000000e-02,7.9150500000e-01,7.2718930000e+00
1.0000000000e-03,7.9175000000e-01,6.8686300000e+00
1.0000000000e-04,7.9200000000e-01,6.8686500000e+00
1.0000000000e-05,7.9500000000e-01,6.8686500000e+00
1.0000000000e-06,7.5000000000e-01,6.8685000000e+00
1.0000000000e-07,5.0000000001e-01,6.8700000000e+00
