absvar-value,dLx,dLy
1.0000000000e-02,3.7937489217e-03,-5.0920565430e-02
1.0000000000e-03,3.7943563385e-03,-5.0921736866e-02
1.0000000000e-04,3.7943654085e-03,-5.0921677680e-02
1.0000000000e-05,3.7943684100e-03,-5.0921778862e-02
1.0000000000e-06,3.7943678000e-03,-5.0921737661e-02
1.0000000000e-07,3.7942575037e-03,-5.0923305595e-02
