absvar-value,dLx,dLy
1.0000000000e-02,3.7751500000e-03,-5.0716435000e-02
1.0000000000e-03,3.7760000000e-03,-5.0717604500e-02
1.0000000000e-04,3.7750000000e-03,-5.0717650000e-02
1.0000000000e-05,3.7500000000e-03,-5.0717500000e-02
1.0000000000e-06,3.4999999999e-03,-5.0720000000e-02
1.0000000000e-07,4.9999999974e-03,-5.0700000000e-02
