absvar-value,dLx,dLy
1.0000000000e-02,4.6182243381e-02,-4.0832747219e+00
1.0000000000e-03,4.6936585465e-02,-3.9653809452e+00
1.0000000000e-04,4.6937088800e-02,-3.9653842995e+00
1.0000000000e-05,4.6937117500e-02,-3.9653844582e+00
1.0000000000e-06,4.6937134998e-02,-3.9653828687e+00
1.0000000000e-07,4.6937099971e-02,-3.9653784680e+00
