absvar-value,dLx,dLy
1.0000000000e-02,5.8480587174e-02,1.1036385627e-01
1.0000000000e-03,5.9071646574e-02,1.1028664237e-01
1.0000000000e-04,5.9071708540e-02,1.1028669708e-01
1.0000000000e-05,5.9071714730e-02,1.1028670827e-01
1.0000000000e-06,5.9071712400e-02,1.1028665689e-01
1.0000000000e-07,5.9071647504e-02,1.1028669914e-01
