absvar-value,dLx,dLy
1.0000000000e-02,1.0039500000e+01,1.7623005000e+02
1.0000000000e-03,1.0033000000e+01,1.7178320500e+02
1.0000000000e-04,1.0030000000e+01,1.7178305000e+02
1.0000000000e-05,1.0000000000e+01,1.7178350000e+02
1.0000000000e-06,1.0000000000e+01,1.7178500000e+02
1.0000000000e-07,1.0000000000e+01,1.7180000000e+02
