absvar-value,dLx,dLy
1.0000000000e-02,1.0105425463e+01,1.7686571187e+02
1.0000000000e-03,1.0096878136e+01,1.7242732414e+02
1.0000000000e-04,1.0096798731e+01,1.7242714007e+02
1.0000000000e-05,1.0096828480e+01,1.7242740349e+02
1.0000000000e-06,1.0096828600e+01,1.7242737873e+02
1.0000000000e-07,1.0096805501e+01,1.7242729071e+02
