absvar-value,dLx,dLy
1.0000000000e-02,-1.0943435465e-02,4.7000389209e-03
1.0000000000e-03,-1.0943908397e-02,4.6995962747e-03
1.0000000000e-04,-1.0943913264e-02,4.6995935707e-03
1.0000000000e-05,-1.0943910715e-02,4.6996092993e-03
1.0000000000e-06,-1.0943899700e-02,4.6995894770e-03
1.0000000000e-07,-1.0944011001e-02,4.7003961500e-03
