absvar-value,dLx,dLy
1.0000000000e-02,-1.3754500000e-01,-3.2640140000e-01
1.0000000000e-03,-1.3755000000e-01,-3.2641400000e-01
1.0000000000e-04,-1.3750000000e-01,-3.2641000000e-01
1.0000000000e-05,-1.3500000000e-01,-3.2640000000e-01
1.0000000000e-06,-1.5000000000e-01,-3.2600000000e-01
1.0000000000e-07,0.0000000000e+00,-3.3000000000e-01
