absvar-value,dLx,dLy
1.0000000000e-02,-1.0953500000e-02,4.6982608000e-03
1.0000000000e-03,-1.0954000000e-02,4.6978150000e-03
1.0000000000e-04,-1.0955000000e-02,4.6978500000e-03
1.0000000000e-05,-1.0950000000e-02,4.6975000000e-03
1.0000000000e-06,-1.1000000000e-02,4.6950000000e-03
1.0000000000e-07,-1.0000000003e-02,4.7000000000e-03
