absvar-value,dLx,dLy
1.0000000000e-02,5.8112800000e-02,1.0986320000e-01
1.0000000000e-03,5.8702000000e-02,1.0978562500e-01
1.0000000000e-04,5.8700000000e-02,1.0978565000e-01
1.0000000000e-05,5.8700000000e-02,1.0978600000e-01
1.0000000000e-06,5.8999999999e-02,1.0978500000e-01
1.0000000000e-07,5.9999999994e-02,1.0980000000e-01
