absvar-value,dLx,dLy
1.0000000000e-02,-1.1046515294e+00,-1.0281095188e+01
1.0000000000e-03,-1.1046566020e+00,-1.0281208578e+01
1.0000000000e-04,-1.1046641145e+00,-1.0281204178e+01
1.0000000000e-05,-1.1046643850e+00,-1.0281211968e+01
1.0000000000e-06,-1.1046638501e+00,-1.0281160761e+01
1.0000000000e-07,-1.1046490000e+00,-1.0280679660e+01
