absvar-value,dLx,dLy
1.0000000000e-02,-1.0926580778e-02,4.7027871592e-03
1.0000000000e-03,-1.0927053340e-02,4.7023451791e-03
1.0000000000e-04,-1.0927058790e-02,4.7023414082e-03
1.0000000000e-05,-1.0927059570e-02,4.7023480992e-03
1.0000000000e-06,-1.0927054450e-02,4.7023202255e-03
1.0000000000e-07,-1.0927039993e-02,4.7028199250e-03
