absvar-value,dLx,dLy
1.0000000000e-02,3.3010000000e-01,-1.0434464500e+02
1.0000000000e-03,3.3100000000e-01,-1.0239585500e+02
1.0000000000e-04,3.3000000000e-01,-1.0239590000e+02
1.0000000000e-05,3.0000000000e-01,-1.0239600000e+02
1.0000000000e-06,0.0000000000e+00,-1.0239500000e+02
1.0000000000e-07,0.0000000000e+00,-1.0240000000e+02
