absvar-value,dLx,dLy
1.0000000000e-02,-1.3588654312e-01,-3.2218908089e-01
1.0000000000e-03,-1.3589548970e-01,-3.2220210576e-01
1.0000000000e-04,-1.3589696780e-01,-3.2220214836e-01
1.0000000000e-05,-1.3589697950e-01,-3.2220182674e-01
1.0000000000e-06,-1.3589701000e-01,-3.2219938535e-01
1.0000000000e-07,-1.3589664997e-01,-3.2217708750e-01
