absvar-value,dLx,dLy
1.0000000000e-02,-1.3711868741e-01,-3.2533903699e-01
1.0000000000e-05,-1.3712919350e-01,-3.2535316389e-01
