absvar-value,dLx,dLy
1.0000000000e-02,3.7937500000e-03,-5.0920565000e-02
1.0000000000e-03,3.7945000000e-03,-5.0921735500e-02
1.0000000000e-04,3.7950000000e-03,-5.0921700000e-02
1.0000000000e-05,3.8000000000e-03,-5.0922000000e-02
1.0000000000e-06,3.9999999996e-03,-5.0920000000e-02
1.0000000000e-07,4.9999999974e-03,-5.0900000000e-02
