absvar-value,dLx,dLy
1.0000000000e-02,3.2800000000e-01,-1.0486745500e+02
1.0000000000e-03,3.3250000000e-01,-1.0289207000e+02
1.0000000000e-04,3.3500000000e-01,-1.0289205000e+02
1.0000000000e-05,3.5000000000e-01,-1.0289200000e+02
1.0000000000e-06,5.0000000007e-01,-1.0289000000e+02
1.0000000000e-07,0.0000000000e+00,-1.0290000000e+02
