absvar-value,dLx,dLy
1.0000000000e-02,-1.0897211249e+00,-1.0188210038e+01
1.0000000000e-03,-1.0897379575e+00,-1.0188312503e+01
1.0000000000e-04,-1.0897370920e+00,-1.0188303670e+01
1.0000000000e-05,-1.0897372800e+00,-1.0188292234e+01
1.0000000000e-06,-1.0897388000e+00,-1.0188272825e+01
1.0000000000e-07,-1.0897384994e+00,-1.0187660910e+01
