absvar-value,dLx,dLy
1.0000000000e-02,-1.0897211249e+00,-1.0188210038e+01
1.0000000000e-05,-1.0897372800e+00,-1.0188292234e+01
1.0000000000e-07,-1.0897384994e+00,-1.0187660910e+01
