absvar-value,dLx,dLy
1.0000000000e-02,3.2802690421e-01,-1.0482272505e+02
1.0000000000e-03,3.3244617870e-01,-1.0286048063e+02
1.0000000000e-04,3.3245605800e-01,-1.0286049703e+02
1.0000000000e-05,3.3245608999e-01,-1.0286050108e+02
1.0000000000e-06,3.3245784992e-01,-1.0286054112e+02
1.0000000000e-07,3.3246250086e-01,-1.0286004928e+02
