absvar-value,dLx,dLy
1.0000000000e-02,3.7519232360e-03,-5.0461555987e-02
1.0000000000e-03,3.7525233002e-03,-5.0462721577e-02
1.0000000000e-04,3.7525279250e-03,-5.0462737024e-02
1.0000000000e-05,3.7525266050e-03,-5.0462740838e-02
1.0000000000e-06,3.7525284503e-03,-5.0462734423e-02
1.0000000000e-07,3.7523755023e-03,-5.0463142090e-02
