absvar-value,dLx,dLy
1.0000000000e-02,3.7519500000e-03,-5.0461555000e-02
1.0000000000e-03,3.7525000000e-03,-5.0462722500e-02
1.0000000000e-04,3.7550000000e-03,-5.0462700000e-02
1.0000000000e-05,3.7500000000e-03,-5.0463000000e-02
1.0000000000e-06,4.0000000005e-03,-5.0460000000e-02
1.0000000000e-07,0.0000000000e+00,-5.0500000000e-02
