absvar-value,dLx,dLy
1.0000000000e-02,5.8701979834e-02,1.1066434344e-01
1.0000000000e-03,5.9294205893e-02,1.1058754094e-01
1.0000000000e-04,5.9294266974e-02,1.1058759360e-01
1.0000000000e-05,5.9294265635e-02,1.1058759497e-01
1.0000000000e-06,5.9294257950e-02,1.1058757765e-01
1.0000000000e-07,5.9294184502e-02,1.1058775208e-01
