absvar-value,dLx,dLy
1.0000000000e-02,-1.1068544403e+00,-1.0291875450e+01
1.0000000000e-03,-1.1068533453e+00,-1.0291981520e+01
1.0000000000e-04,-1.1068602265e+00,-1.0291975573e+01
1.0000000000e-05,-1.1068601600e+00,-1.0291983907e+01
1.0000000000e-06,-1.1068581001e+00,-1.0291951463e+01
1.0000000000e-07,-1.1068880001e+00,-1.0292147510e+01
