absvar-value,dLx,dLy
1.0000000000e-02,4.6223143393e-02,-4.0872401372e+00
1.0000000000e-03,4.6979048415e-02,-3.9692480598e+00
1.0000000000e-04,4.6979547200e-02,-3.9692512222e+00
1.0000000000e-05,4.6979587000e-02,-3.9692509584e+00
1.0000000000e-06,4.6979494996e-02,-3.9692548431e+00
1.0000000000e-07,4.6978749987e-02,-3.9692608090e+00
