absvar-value,dLx,dLy
1.0000000000e-02,7.9790500000e-01,7.3258530000e+00
1.0000000000e-03,7.9820000000e-01,6.9200570000e+00
1.0000000000e-04,7.9850000000e-01,6.9200750000e+00
1.0000000000e-05,8.0000000000e-01,6.9200500000e+00
1.0000000000e-06,8.0000000000e-01,6.9200000000e+00
1.0000000000e-07,1.0000000000e+00,6.9200000000e+00
