absvar-value,dLx,dLy
1.0000000000e-02,7.9710509588e-01,7.3190411957e+00
1.0000000000e-03,7.9735687613e-01,6.9135383904e+00
1.0000000000e-04,7.9735458270e-01,6.9135571057e+00
1.0000000000e-05,7.9735457750e-01,6.9135571903e+00
1.0000000000e-06,7.9735451500e-01,6.9135610792e+00
1.0000000000e-07,7.9735445004e-01,6.9135667660e+00
