absvar-value,dLx,dLy
1.0000000000e-02,5.8701950000e-02,1.1066435000e-01
1.0000000000e-03,5.9294000000e-02,1.1058754500e-01
1.0000000000e-04,5.9295000000e-02,1.1058760000e-01
1.0000000000e-05,5.9300000000e-02,1.1058750000e-01
1.0000000000e-06,5.8999999999e-02,1.1058500000e-01
1.0000000000e-07,5.9999999994e-02,1.1060000000e-01
