absvar-value,dLx,dLy
1.0000000000e-02,5.8609674435e-02,1.1053921751e-01
1.0000000000e-03,5.9201422842e-02,1.1046220715e-01
1.0000000000e-04,5.9201484159e-02,1.1046226134e-01
1.0000000000e-05,5.9201489310e-02,1.1046227300e-01
1.0000000000e-06,5.9201485800e-02,1.1046225820e-01
1.0000000000e-07,5.9201440000e-02,1.1046225963e-01
