absvar-value,dLx,dLy
1.0000000000e-02,7.9790467251e-01,7.3258533489e+00
1.0000000000e-03,7.9815667475e-01,6.9200581664e+00
1.0000000000e-04,7.9815444470e-01,6.9200768841e+00
1.0000000000e-05,7.9815443700e-01,6.9200772377e+00
1.0000000000e-06,7.9815438001e-01,6.9200766543e+00
1.0000000000e-07,7.9815464994e-01,6.9200211410e+00
