absvar-value,dLx,dLy
1.0000000000e-02,4.6180000000e-02,-4.0832745000e+00
1.0000000000e-03,4.6900000000e-02,-3.9653811500e+00
1.0000000000e-04,4.7000000000e-02,-3.9653850000e+00
1.0000000000e-05,5.0000000000e-02,-3.9654000000e+00
1.0000000000e-06,0.0000000000e+00,-3.9655000000e+00
1.0000000000e-07,0.0000000000e+00,-3.9650000000e+00
