absvar-value,dLx,dLy
1.0000000000e-02,3.7891000000e-03,-5.0869665000e-02
1.0000000000e-03,3.7900000000e-03,-5.0870836000e-02
1.0000000000e-04,3.7900000000e-03,-5.0870850000e-02
1.0000000000e-05,3.8000000000e-03,-5.0871000000e-02
1.0000000000e-06,4.0000000005e-03,-5.0870000000e-02
1.0000000000e-07,5.0000000060e-03,-5.0850000000e-02
