absvar-value,dLx,dLy
1.0000000000e-02,3.3104460604e-01,-1.0471802675e+02
1.0000000000e-03,3.3226546920e-01,-1.0276710176e+02
1.0000000000e-04,3.3227423650e-01,-1.0276709887e+02
1.0000000000e-05,3.3227410500e-01,-1.0276710337e+02
1.0000000000e-06,3.3227324991e-01,-1.0276706748e+02
1.0000000000e-07,3.3225599938e-01,-1.0276776868e+02
