absvar-value,dLx,dLy
1.0000000000e-02,5.8775800000e-02,1.1076340000e-01
1.0000000000e-03,5.9368500000e-02,1.1068706500e-01
1.0000000000e-04,5.9370000000e-02,1.1068710000e-01
1.0000000000e-05,5.9400000000e-02,1.1069000000e-01
1.0000000000e-06,5.9000000000e-02,1.1068500000e-01
1.0000000000e-07,6.0000000003e-02,1.1070000000e-01
