absvar-value,dLx,dLy
1.0000000000e-02,-1.3754673415e-01,-3.2640137583e-01
1.0000000000e-03,-1.3755598938e-01,-3.2641424956e-01
1.0000000000e-04,-1.3755718260e-01,-3.2641428054e-01
1.0000000000e-05,-1.3755718100e-01,-3.2641458128e-01
1.0000000000e-06,-1.3755718000e-01,-3.2641458215e-01
1.0000000000e-07,-1.3755679998e-01,-3.2640359700e-01
