absvar-value,dLx,dLy
1.0000000000e-02,-1.1022261394e+00,-1.0266785820e+01
1.0000000000e-05,-1.1022407200e+00,-1.0266878505e+01
1.0000000000e-07,-1.1022085000e+00,-1.0267796590e+01
