absvar-value,dLx,dLy
1.0000000000e-02,7.9817000000e-01,7.3281940000e+00
1.0000000000e-03,7.9845000000e-01,6.9223330000e+00
1.0000000000e-04,7.9850000000e-01,6.9223500000e+00
1.0000000000e-05,8.0000000000e-01,6.9224000000e+00
1.0000000000e-06,8.0000000000e-01,6.9220000000e+00
1.0000000000e-07,5.0000000001e-01,6.9200000000e+00
