absvar-value,dLx,dLy
1.0000000000e-02,-1.0943450000e-02,4.7000390000e-03
1.0000000000e-03,-1.0944000000e-02,4.6995950000e-03
1.0000000000e-04,-1.0945000000e-02,4.6995500000e-03
1.0000000000e-05,-1.0950000000e-02,4.6995000000e-03
1.0000000000e-06,-1.1000000000e-02,4.7000000000e-03
1.0000000000e-07,-1.0000000003e-02,4.7000000000e-03
