absvar-value,dLx,dLy
1.0000000000e-02,3.7751563430e-03,-5.0716436205e-02
1.0000000000e-03,3.7757605960e-03,-5.0717604028e-02
1.0000000000e-04,3.7757657525e-03,-5.0717620108e-02
1.0000000000e-05,3.7757642000e-03,-5.0717627710e-02
1.0000000000e-06,3.7757688998e-03,-5.0717602013e-02
1.0000000000e-07,3.7755775069e-03,-5.0718130655e-02
