absvar-value,dLx,dLy
1.0000000000e-02,3.7833028871e-03,-5.0805811070e-02
1.0000000000e-03,3.7839086222e-03,-5.0806979680e-02
1.0000000000e-04,3.7839145780e-03,-5.0806994855e-02
1.0000000000e-05,3.7839120650e-03,-5.0806998746e-02
1.0000000000e-06,3.7839154501e-03,-5.0806968503e-02
1.0000000000e-07,3.7837450013e-03,-5.0807121815e-02
