absvar-value,dLx,dLy
1.0000000000e-02,3.3070000000e-01,-1.0456230500e+02
1.0000000000e-03,3.3150000000e-01,-1.0261223000e+02
1.0000000000e-04,3.3500000000e-01,-1.0261230000e+02
1.0000000000e-05,3.5000000000e-01,-1.0261250000e+02
1.0000000000e-06,5.0000000007e-01,-1.0261500000e+02
1.0000000000e-07,0.0000000000e+00,-1.0265000000e+02
