absvar-value,dLx,dLy
1.0000000000e-02,-1.3711868741e-01,-3.2533903699e-01
1.0000000000e-03,-1.3712780173e-01,-3.2535212223e-01
1.0000000000e-04,-1.3712918315e-01,-3.2535208735e-01
1.0000000000e-05,-1.3712919350e-01,-3.2535316389e-01
1.0000000000e-06,-1.3712920000e-01,-3.2535193690e-01
1.0000000000e-07,-1.3712945002e-01,-3.2538750500e-01
