absvar-value,dLx,dLy
1.0000000000e-02,-1.0926580778e-02,4.7027871592e-03
1.0000000000e-05,-1.0927059570e-02,4.7023480992e-03
1.0000000000e-07,-1.0927039993e-02,4.7028199250e-03
