absvar-value,dLx,dLy
1.0000000000e-02,4.6220000000e-02,-4.0872400000e+00
1.0000000000e-03,4.7000000000e-02,-3.9692482500e+00
1.0000000000e-04,4.7000000000e-02,-3.9692550000e+00
1.0000000000e-05,5.0000000000e-02,-3.9692500000e+00
1.0000000000e-06,5.0000000001e-02,-3.9695000000e+00
1.0000000000e-07,0.0000000000e+00,-3.9700000000e+00
