absvar-value,dLx,dLy
1.0000000000e-02,1.0121438151e+01,1.7703751605e+02
1.0000000000e-03,1.0112814592e+01,1.7258932826e+02
1.0000000000e-04,1.0112746347e+01,1.7258947957e+02
1.0000000000e-05,1.0112745800e+01,1.7258948272e+02
1.0000000000e-06,1.0112747900e+01,1.7258950080e+02
1.0000000000e-07,1.0112749500e+01,1.7258916287e+02
