absvar-value,dLx,dLy
1.0000000000e-02,1.0105400000e+01,1.7686570000e+02
1.0000000000e-03,1.0097000000e+01,1.7242730500e+02
1.0000000000e-04,1.0095000000e+01,1.7242725000e+02
1.0000000000e-05,1.0100000000e+01,1.7242750000e+02
1.0000000000e-06,1.0000000000e+01,1.7243000000e+02
1.0000000000e-07,1.0000000000e+01,1.7240000000e+02
