absvar-value,dLx,dLy
1.0000000000e-02,4.6235000000e-02,-4.0886105000e+00
1.0000000000e-03,4.6950000000e-02,-3.9705972000e+00
1.0000000000e-04,4.7000000000e-02,-3.9706000000e+00
1.0000000000e-05,4.5000000000e-02,-3.9706000000e+00
1.0000000000e-06,5.0000000001e-02,-3.9710000000e+00
1.0000000000e-07,0.0000000000e+00,-3.9700000000e+00
