ABSVAR,dLx,dLy
0,-9.8925756317420e-01,-3.8113564846627e-01
