ABSVAR,dLx,dLy
0,-9.8233490895279e-01,-3.7881350540853e-01
