ABSVAR,dLx,dLy
0,7.7001234398697e-01,-7.9962390045224e-02
