ABSVAR,dLx,dLy
0,-8.7782983714920e-01,7.8148330285164e-03
