ABSVAR,dLx,dLy
0,-9.9446470073779e-01,-3.8336834822164e-01
