ABSVAR,dLx,dLy
0,-9.9480877053400e-01,-3.8377587333710e-01
