ABSVAR,dLx,dLy
0,7.7677981371561e-01,-8.2745442717399e-02
