ABSVAR,dLx,dLy
0,7.6061031612115e-01,-7.6936756843052e-02
