ABSVAR,dLx,dLy
0,7.8224687496206e-01,-8.7556385578102e-02
