ABSVAR,dLx,dLy
0,-9.8613865586834e-01,-3.8005722703721e-01
