ABSVAR,dLx,dLy
0,-8.6853296582388e-01,8.9709016611128e-03
