ABSVAR,dLx,dLy
0,-8.7809176000021e-01,7.5269916920427e-03
