absvar-value,dLx,dLy
1.0000000000e-02,1.0951037596e+01,3.5366800750e-01
1.0000000000e-03,1.0948968897e+01,3.5412443105e-01
1.0000000000e-05,1.0948948100e+01,3.5412625550e-01
1.0000000000e-06,1.0948948050e+01,3.5412727500e-01
