absvar-value,dLx,dLy
1.0000000000e-02,5.7836500000e+00,-4.2249100000e-01
1.0000000000e-03,5.7810000000e+00,-4.2222500000e-01
1.0000000000e-04,5.7800000000e+00,-4.2220000000e-01
1.0000000000e-05,5.8000000000e+00,-4.2200000000e-01
1.0000000000e-06,6.0000000001e+00,-4.2000000000e-01
1.0000000000e-07,5.0000000007e+00,-4.0000000000e-01
