absvar-value,dLx,dLy
1.0000000000e-02,2.8415853965e+00,6.6306102544e-01
1.0000000000e-03,2.8352813759e+00,6.5896358587e-01
1.0000000000e-05,2.8352858790e+00,6.5896870290e-01
1.0000000000e-06,2.8352858500e+00,6.5896840350e-01
