absvar-value,dLx,dLy
1.0000000000e-02,1.2864255000e+00,-8.2449350000e-02
1.0000000000e-03,1.2839500000e+00,-8.9271000000e-02
1.0000000000e-04,1.2840000000e+00,-8.9270000000e-02
1.0000000000e-05,1.2850000000e+00,-8.9250000000e-02
1.0000000000e-06,1.3000000000e+00,-8.9500000000e-02
1.0000000000e-07,1.0000000000e+00,-8.9999999996e-02
