absvar-value,dLx,dLy
1.0000000000e-02,1.2773655000e+00,-7.9840950000e-02
1.0000000000e-03,1.2749000000e+00,-8.6525500000e-02
1.0000000000e-04,1.2750000000e+00,-8.6525000000e-02
1.0000000000e-05,1.2700000000e+00,-8.6550000000e-02
1.0000000000e-06,1.3000000000e+00,-8.6500000000e-02
1.0000000000e-07,1.0000000000e+00,-8.4999999999e-02
