absvar-value,dLx,dLy
1.0000000000e-02,5.6605000000e+00,-3.6010250000e-01
1.0000000000e-03,5.6580000000e+00,-3.5986500000e-01
1.0000000000e-04,5.6550000000e+00,-3.5985000000e-01
1.0000000000e-05,5.6500000000e+00,-3.6000000000e-01
1.0000000000e-06,5.5000000000e+00,-3.6000000000e-01
1.0000000000e-07,5.0000000007e+00,-3.5000000002e-01
