absvar-value,dLx,dLy
1.0000000000e-02,2.8537364453e+00,6.6316230805e-01
1.0000000000e-03,2.8474221539e+00,6.5901701771e-01
1.0000000000e-05,2.8474263725e+00,6.5901894780e-01
1.0000000000e-06,2.8474264100e+00,6.5901685050e-01
