absvar-value,dLx,dLy
1.0000000000e-02,2.8815099875e+00,6.6006427648e-01
1.0000000000e-03,2.8751721887e+00,6.5568714598e-01
1.0000000000e-05,2.8751765180e+00,6.5568979685e-01
1.0000000000e-06,2.8751764100e+00,6.5568847300e-01
