absvar-value,dLx,dLy
1.0000000000e-02,1.2918885000e+00,-8.4919800000e-02
1.0000000000e-03,1.2893500000e+00,-9.1840500000e-02
1.0000000000e-04,1.2895000000e+00,-9.1840000000e-02
1.0000000000e-05,1.2900000000e+00,-9.1850000000e-02
1.0000000000e-06,1.3000000000e+00,-9.2000000000e-02
1.0000000000e-07,9.9999999996e-01,-9.0000000000e-02
