absvar-value,dLx,dLy
1.0000000000e-02,2.8803914597e+00,6.6115725667e-01
1.0000000000e-03,2.8740550890e+00,6.5682704530e-01
1.0000000000e-05,2.8740593650e+00,6.5682959020e-01
1.0000000000e-06,2.8740593050e+00,6.5683016300e-01
