absvar-value,dLx,dLy
1.0000000000e-02,1.1115183741e+01,3.0324410320e-01
1.0000000000e-03,1.1113067447e+01,3.0371156679e-01
1.0000000000e-05,1.1113050370e+01,3.0382000900e-01
1.0000000000e-06,1.1113050400e+01,3.0381999000e-01
