absvar-value,dLx,dLy
1.0000000000e-02,1.1170616713e+01,2.5583156436e-01
1.0000000000e-03,1.1168481539e+01,2.5600066773e-01
1.0000000000e-05,1.1168460280e+01,2.5629201700e-01
1.0000000000e-06,1.1168460350e+01,2.5629212999e-01
