absvar-value,dLx,dLy
1.0000000000e-02,2.8714826779e+00,6.6263748362e-01
1.0000000000e-03,2.8651538999e+00,6.5840014605e-01
1.0000000000e-05,2.8651581610e+00,6.5840317570e-01
1.0000000000e-06,2.8651582200e+00,6.5840431550e-01
