absvar-value,dLx,dLy
1.0000000000e-02,1.1145890517e+01,2.8706548280e-01
1.0000000000e-03,1.1143763908e+01,2.8736770873e-01
1.0000000000e-05,1.1143744385e+01,2.8766200400e-01
1.0000000000e-06,1.1143744350e+01,2.8766166502e-01
