absvar-value,dLx,dLy
1.0000000000e-02,2.8637081129e+00,6.6302050787e-01
1.0000000000e-03,2.8573854966e+00,6.5882889941e-01
1.0000000000e-05,2.8573897875e+00,6.5883296250e-01
1.0000000000e-06,2.8573898400e+00,6.5883181350e-01
