absvar-value,dLx,dLy
1.0000000000e-02,1.1072371047e+01,3.1975841630e-01
1.0000000000e-03,1.1070265887e+01,3.2030032708e-01
1.0000000000e-05,1.1070243345e+01,3.2030080800e-01
1.0000000000e-06,1.1070243400e+01,3.2030075001e-01
