absvar-value,dLx,dLy
1.0000000000e-02,1.1017595238e+01,3.3657687402e-01
1.0000000000e-03,1.1015503694e+01,3.3707989873e-01
1.0000000000e-05,1.1015478280e+01,3.3707963050e-01
1.0000000000e-06,1.1015478300e+01,3.3707884500e-01
