absvar-value,dLx,dLy
1.0000000000e-02,1.1164388807e+01,2.7125195898e-01
1.0000000000e-03,1.1162256021e+01,2.7145418489e-01
1.0000000000e-05,1.1162235015e+01,2.7181670400e-01
1.0000000000e-06,1.1162235050e+01,2.7181735499e-01
