absvar-value,dLx,dLy
1.0000000000e-02,5.7371500000e+00,-3.9215000000e-01
1.0000000000e-03,5.7345000000e+00,-3.9191000000e-01
1.0000000000e-04,5.7350000000e+00,-3.9190000000e-01
1.0000000000e-05,5.7000000000e+00,-3.9200000000e-01
1.0000000000e-06,6.0000000001e+00,-3.9000000000e-01
1.0000000000e-07,5.0000000007e+00,-4.0000000000e-01
