absvar-value,dLx,dLy
1.0000000000e-02,2.8770470596e+00,6.6201570918e-01
1.0000000000e-03,2.8707136975e+00,6.5773213686e-01
1.0000000000e-05,2.8707179985e+00,6.5773603510e-01
1.0000000000e-06,2.8707179650e+00,6.5773291550e-01
