ABSVAR,dLx,dLy
0,-1.7175149399221e-01,7.8202740705165e-02
