ABSVAR,dLx,dLy
0,-1.8992545192077e+00,-2.6129764488650e+00
