ABSVAR,dLx,dLy
0,-1.7117739659287e-01,7.8304807308451e-02
