ABSVAR,dLx,dLy
0,-1.7272772119757e-01,7.8032072441198e-02
