ABSVAR,dLx,dLy
0,-1.9075120370540e+00,-2.6172600945114e+00
1,2.0903934563072e+00,-2.7078984860209e+00
2,-1.8401981243143e+01,1.6715207755804e+02
3,1.8374298211311e+01,1.6632983685607e+02
4,2.1345645136617e-02,-1.0626705403622e+02
5,-1.7789795921063e-01,-1.0644684928703e+02
6,-4.3799019302227e-01,-5.7840913245244e+01
7,4.3591545441459e-01,-5.7841869689920e+01
