ABSVAR,dLx,dLy
0,-1.9075120370540e+00,-2.6172600945114e+00
