absvar-value,dLx,dLy
1.0000000000e-02,-1.7345000000e-01,7.3924500000e-02
1.0000000000e-03,-1.7345000000e-01,7.3925000000e-02
1.0000000000e-04,-1.7350000000e-01,7.3950000000e-02
1.0000000000e-05,-1.7500000000e-01,7.4000000000e-02
1.0000000000e-06,-2.0000000001e-01,7.5000000002e-02
1.0000000000e-07,0.0000000000e+00,9.9999999982e-02
