ABSVAR,dLx,dLy
0,-9.8233489344043e-01,-3.7881349073642e-01
