ABSVAR,dLx,dLy
0,7.3416978768327e-01,-7.0201154823322e-02
