ABSVAR,dLx,dLy
0,-9.8925753459736e-01,-3.8113547897003e-01
