ABSVAR,dLx,dLy
0,1.7702115118759e-01,-8.8931539401240e-01
