ABSVAR,dLx,dLy
0,1.5199878306986e-01,-8.7252941828969e-01
