ABSVAR,dLx,dLy
0,-9.9168704733390e-01,-3.8204738838777e-01
