ABSVAR,dLx,dLy
0,-8.7145119764132e-01,8.7792286126696e-03
