ABSVAR,dLx,dLy
0,1.7810590625473e-01,-8.9197717390103e-01
