ABSVAR,dLx,dLy
0,1.6857847317040e-01,-8.8241217994289e-01
