ABSVAR,dLx,dLy
0,-9.8613862200040e-01,-3.8005723761876e-01
