ABSVAR,dLx,dLy
0,1.7383788872731e-01,-8.8612565323171e-01
