ABSVAR,dLx,dLy
0,1.6128224153492e-01,-8.7726256068193e-01
