ABSVAR,dLx,dLy
0,-9.9446466167887e-01,-3.8336846581886e-01
