ABSVAR,dLx,dLy
0,7.8086716252059e-01,-8.5278538632946e-02
