ABSVAR,dLx,dLy
0,-9.9480873256929e-01,-3.8377577314026e-01
