ABSVAR,dLx,dLy
0,1.4078274422052e-01,-8.6729476526303e-01
