ABSVAR,dLx,dLy
0,-9.9342358922049e-01,-3.8279191121768e-01
