absvar-value,dLx,dLy
1.0000000000e-02,1.1164390125e+01,2.7125296584e-01
1.0000000000e-03,1.1162235161e+01,2.7145205664e-01
1.0000000000e-05,1.1162236310e+01,2.7181438100e-01
1.0000000000e-06,1.1162234900e+01,2.7187193999e-01
