absvar-value,dLx,dLy
1.0000000000e-02,2.8803913024e+00,6.6115718582e-01
1.0000000000e-03,2.8740551113e+00,6.5682756558e-01
1.0000000000e-05,2.8740593760e+00,6.5682979290e-01
1.0000000000e-06,2.8740590850e+00,6.5682555550e-01
