absvar-value,dLx,dLy
1.0000000000e-02,5.7954000000e+00,-4.3694050000e-01
1.0000000000e-03,5.7925000000e+00,-4.3666500000e-01
1.0000000000e-04,5.7900000000e+00,-4.3670000000e-01
1.0000000000e-05,5.8000000000e+00,-4.3650000000e-01
1.0000000000e-06,6.0000000000e+00,-4.3500000000e-01
1.0000000000e-07,1.0000000000e+01,-4.4999999997e-01
