absvar-value,dLx,dLy
1.0000000000e-02,5.7025000000e+00,-3.7632000000e-01
1.0000000000e-03,5.7000000000e+00,-3.7608000000e-01
1.0000000000e-04,5.7000000000e+00,-3.7610000000e-01
1.0000000000e-05,5.7000000000e+00,-3.7600000000e-01
1.0000000000e-06,6.0000000001e+00,-3.8000000000e-01
1.0000000000e-07,5.0000000007e+00,-4.0000000000e-01
