absvar-value,dLx,dLy
1.0000000000e-02,2.8415852318e+00,6.6306101560e-01
1.0000000000e-03,2.8352813359e+00,6.5896352609e-01
1.0000000000e-05,2.8352858370e+00,6.5896850985e-01
1.0000000000e-06,2.8352858600e+00,6.5896542850e-01
