absvar-value,dLx,dLy
1.0000000000e-02,1.1115185125e+01,3.0324471854e-01
1.0000000000e-03,1.1113068954e+01,3.0371238630e-01
1.0000000000e-05,1.1113052055e+01,3.0381794450e-01
1.0000000000e-06,1.1113054750e+01,3.0385062000e-01
