absvar-value,dLx,dLy
1.0000000000e-02,1.1145891987e+01,2.8706629146e-01
1.0000000000e-03,1.1143743663e+01,2.8737068148e-01
1.0000000000e-05,1.1143745490e+01,2.8766456800e-01
1.0000000000e-06,1.1143743300e+01,2.8765685001e-01
