absvar-value,dLx,dLy
1.0000000000e-02,1.1072372367e+01,3.1975825602e-01
1.0000000000e-03,1.1070267293e+01,3.2030078181e-01
1.0000000000e-05,1.1070245210e+01,3.2029637300e-01
1.0000000000e-06,1.1070243400e+01,3.2029589500e-01
