absvar-value,dLx,dLy
1.0000000000e-02,1.1017596444e+01,3.3657649750e-01
1.0000000000e-03,1.1015505142e+01,3.3708013522e-01
1.0000000000e-05,1.1015479900e+01,3.3707920100e-01
1.0000000000e-06,1.1015483150e+01,3.3707034999e-01
