absvar-value,dLx,dLy
1.0000000000e-02,2.8714825147e+00,6.6263737998e-01
1.0000000000e-03,2.8651538639e+00,6.5840006196e-01
1.0000000000e-05,2.8651581240e+00,6.5840390805e-01
1.0000000000e-06,2.8651582200e+00,6.5840526200e-01
