absvar-value,dLx,dLy
1.0000000000e-02,1.1170618024e+01,2.5583277509e-01
1.0000000000e-03,1.1168459378e+01,2.5599844768e-01
1.0000000000e-05,1.1168461900e+01,2.5629213900e-01
1.0000000000e-06,1.1168462400e+01,2.5628223002e-01
