absvar-value,dLx,dLy
1.0000000000e-02,2.8815098305e+00,6.6006419689e-01
1.0000000000e-03,2.8751722075e+00,6.5568766093e-01
1.0000000000e-05,2.8751764850e+00,6.5568922830e-01
1.0000000000e-06,2.8751790100e+00,6.5562625200e-01
