absvar-value,dLx,dLy
1.0000000000e-02,2.8770469020e+00,6.6201565484e-01
1.0000000000e-03,2.8707137229e+00,6.5773271551e-01
1.0000000000e-05,2.8707179325e+00,6.5773572335e-01
1.0000000000e-06,2.8707180600e+00,6.5773642900e-01
