absvar-value,dLx,dLy
1.0000000000e-02,2.8537362830e+00,6.6316228817e-01
1.0000000000e-03,2.8474221161e+00,6.5901695818e-01
1.0000000000e-05,2.8474263445e+00,6.5901943890e-01
1.0000000000e-06,2.8474262100e+00,6.5902193000e-01
