absvar-value,dLx,dLy
1.0000000000e-02,1.0951039050e+01,3.5366712950e-01
1.0000000000e-03,1.0948970188e+01,3.5412482591e-01
1.0000000000e-05,1.0948949755e+01,3.5413098100e-01
1.0000000000e-06,1.0948945900e+01,3.5416794500e-01
