absvar-value,dLx,dLy
1.0000000000e-02,1.2896100000e+00,-8.3702800000e-02
1.0000000000e-03,1.2871500000e+00,-9.0578500000e-02
1.0000000000e-04,1.2870000000e+00,-9.0580000000e-02
1.0000000000e-05,1.2900000000e+00,-9.0600000000e-02
1.0000000000e-06,1.3000000000e+00,-9.0500000000e-02
1.0000000000e-07,1.0000000000e+00,-9.0000000000e-02
