absvar-value,dLx,dLy
1.0000000000e-02,2.8637079486e+00,6.6302041755e-01
1.0000000000e-03,2.8573854598e+00,6.5882883322e-01
1.0000000000e-05,2.8573897535e+00,6.5883237805e-01
1.0000000000e-06,2.8573899450e+00,6.5883112500e-01
