ABSVAR,dLx,dLy
0,-1.7044192122543e-01,7.8461104756719e-02
