ABSVAR,dLx,dLy
0,-8.0916527400015e-03,1.1748040649522e-02
