ABSVAR,dLx,dLy
0,-1.7268685681681e-01,7.8065446132744e-02
1,1.9430245857049e-01,6.7800287587678e-02
2,-1.2709992400292e+00,7.2001685048039e+00
3,1.2947708408120e+00,7.1723660838312e+00
4,6.8153072804588e-02,-4.9220597507545e+00
5,-1.1139368860552e-01,-4.9187194347125e+00
6,-4.8346098690673e-02,-2.3497547269106e+00
7,4.6093003987085e-02,-2.3544703080480e+00
