ABSVAR,dLx,dLy
0,-1.8772193532249e+00,-2.5969823071267e+00
1,2.0625493363509e+00,-2.6856374281106e+00
2,-1.8084773758555e+01,1.6534417165737e+02
3,1.8064390679557e+01,1.6452505344514e+02
4,1.8666668138661e-02,-1.0506258848307e+02
5,-1.8710108824918e-01,-1.0526077356565e+02
6,-4.3121932238682e-01,-5.7251484545850e+01
7,4.3137246057221e-01,-5.7250284092495e+01
