ABSVAR,dLx,dLy
0,-1.9075186756257e+00,-2.6172699606682e+00
1,2.0904000988859e+00,-2.7079087887030e+00
2,-1.8402058493169e+01,1.6715278782064e+02
3,1.8374375365950e+01,1.6633054201879e+02
4,2.1345194590945e-02,-1.0626752503283e+02
5,-1.7789695716708e-01,-1.0644731828593e+02
6,-4.3799166502457e-01,-5.7841149914392e+01
7,4.3591645103658e-01,-5.7842106499949e+01
