ABSVAR,dLx,dLy
0,-1.7171194552507e-01,7.8235691696908e-02
