ABSVAR,dLx,dLy
0,-1.9063124222894e+00,-2.6167264997069e+00
