ABSVAR,dLx,dLy
0,-1.9075186756257e+00,-2.6172699606682e+00
