ABSVAR,dLx,dLy
0,-1.7248681890322e-01,7.8099299810784e-02
