ABSVAR,dLx,dLy
0,-1.7048034060015e-01,7.8428692980699e-02
