ABSVAR,dLx,dLy
0,-1.8772193532249e+00,-2.5969823071267e+00
