ABSVAR,dLx,dLy
0,-1.9063057824764e+00,-2.6167165848813e+00
