ABSVAR,dLx,dLy
0,-1.8772131350088e+00,-2.5969729934283e+00
