ABSVAR,dLx,dLy
0,-1.7113838265952e-01,7.8337522204760e-02
1,1.9266774480746e-01,6.8113166108482e-02
2,-1.2595609520628e+00,7.1490660411147e+00
3,1.2832519130996e+00,7.1213123376510e+00
4,6.7551557078674e-02,-4.8887108588855e+00
5,-1.1067327595538e-01,-4.8853160767418e+00
6,-4.7920283730475e-02,-2.3322784488934e+00
7,4.5717415062881e-02,-2.3369886387939e+00
