ABSVAR,dLx,dLy
0,-1.7280266485956e-01,7.8021324302778e-02
