ABSVAR,dLx,dLy
0,-1.8992610683098e+00,-2.6129862774841e+00
