ABSVAR,dLx,dLy
0,-1.7276144694543e-01,7.8054769731786e-02
1,1.9436121461581e-01,6.7787609280778e-02
2,-1.2714854972329e+00,7.2022821707663e+00
3,1.2952440020913e+00,7.1745037825646e+00
4,6.8199647008160e-02,-4.9234686975636e+00
5,-1.1140286181823e-01,-4.9200901815047e+00
6,-4.8367261969306e-02,-2.3504819040601e+00
7,4.6105395005031e-02,-2.3551968885486e+00
