ABSVAR,dLx,dLy
0,-1.8860859958985e+00,-2.6035393759995e+00
