ABSVAR,dLx,dLy
0,-1.7220170245669e-01,7.8123011814509e-02
