ABSVAR,dLx,dLy
0,-1.7216166848659e-01,7.8156146996894e-02
