absvar-value,dLx,dLy
1.0000000000e-02,-1.7040500000e-01,7.8440500000e-02
1.0000000000e-03,-1.7040000000e-01,7.8440000000e-02
1.0000000000e-04,-1.7050000000e-01,7.8450000000e-02
1.0000000000e-05,-1.7000000000e-01,7.8500000000e-02
1.0000000000e-06,-1.5000000000e-01,8.0000000000e-02
1.0000000000e-07,0.0000000000e+00,9.9999999982e-02
