absvar-value,dLx,dLy
1.0000000000e-02,-8.5217000000e-03,1.1156200000e-02
1.0000000000e-03,-1.1694500000e-02,9.3825000000e-03
1.0000000000e-04,-8.1700000000e-03,1.1350000000e-02
1.0000000000e-05,-8.2000000000e-03,1.1350000000e-02
1.0000000000e-06,-8.0000000001e-03,1.1500000000e-02
1.0000000000e-07,-1.0000000003e-02,9.9999999991e-03
