absvar-value,dLx,dLy
1.0000000000e-02,-1.9140000000e+00,-2.6027200000e+00
1.0000000000e-03,-1.9060000000e+00,-2.6047000000e+00
1.0000000000e-04,-1.9050000000e+00,-2.6050000000e+00
1.0000000000e-05,-1.9000000000e+00,-2.6050000000e+00
1.0000000000e-06,-2.0000000001e+00,-2.6500000000e+00
1.0000000000e-07,-4.9999999985e+00,-2.4999999998e+00
