absvar-value,dLx,dLy
1.0000000000e-02,-1.7168000000e-01,7.8221000000e-02
1.0000000000e-03,-1.7170000000e-01,7.8215000000e-02
1.0000000000e-04,-1.7200000000e-01,7.8200000000e-02
1.0000000000e-05,-1.7000000000e-01,7.8000000000e-02
1.0000000000e-06,-2.0000000001e-01,8.0000000000e-02
1.0000000000e-07,0.0000000000e+00,1.0000000002e-01
