absvar-value,dLx,dLy
1.0000000000e-02,-1.8963000000e+00,-2.5905050000e+00
1.0000000000e-03,-1.8880000000e+00,-2.5925500000e+00
1.0000000000e-04,-1.8900000000e+00,-2.5930000000e+00
1.0000000000e-05,-1.9000000000e+00,-2.5900000000e+00
1.0000000000e-06,-2.0000000001e+00,-2.6000000000e+00
1.0000000000e-07,0.0000000000e+00,-2.4999999998e+00
