absvar-value,dLx,dLy
1.0000000000e-02,-1.7110500000e-01,7.8320000000e-02
1.0000000000e-03,-1.7110000000e-01,7.8315000000e-02
1.0000000000e-04,-1.7150000000e-01,7.8300000000e-02
1.0000000000e-05,-1.7500000000e-01,7.8000000000e-02
1.0000000000e-06,-1.4999999999e-01,8.0000000000e-02
1.0000000000e-07,-4.9999999988e-01,9.9999999982e-02
