absvar-value,dLx,dLy
1.0000000000e-02,-1.7121500000e-01,7.4254500000e-02
1.0000000000e-03,-1.7125000000e-01,7.4255000000e-02
1.0000000000e-04,-1.7100000000e-01,7.4250000000e-02
1.0000000000e-05,-1.7000000000e-01,7.4500000000e-02
1.0000000000e-06,-1.9999999999e-01,7.5000000002e-02
1.0000000000e-07,0.0000000000e+00,4.9999999974e-02
