absvar-value,dLx,dLy
1.0000000000e-02,-1.7265500000e-01,7.8056500000e-02
1.0000000000e-03,-1.7270000000e-01,7.8050000000e-02
1.0000000000e-04,-1.7300000000e-01,7.8050000000e-02
1.0000000000e-05,-1.7000000000e-01,7.8000000000e-02
1.0000000000e-06,-1.9999999999e-01,7.4999999999e-02
1.0000000000e-07,0.0000000000e+00,5.0000000008e-02
