absvar-value,dLx,dLy
1.0000000000e-02,-1.7293000000e-01,7.3998000000e-02
1.0000000000e-03,-1.7290000000e-01,7.3995000000e-02
1.0000000000e-04,-1.7300000000e-01,7.4000000000e-02
1.0000000000e-05,-1.7500000000e-01,7.4000000000e-02
1.0000000000e-06,-1.5000000000e-01,7.5000000002e-02
1.0000000000e-07,0.0000000000e+00,9.9999999982e-02
