absvar-value,dLx,dLy
1.0000000000e-02,-1.7213000000e-01,7.8144000000e-02
1.0000000000e-03,-1.7215000000e-01,7.8140000000e-02
1.0000000000e-04,-1.7250000000e-01,7.8150000000e-02
1.0000000000e-05,-1.7500000000e-01,7.8000000000e-02
1.0000000000e-06,-1.4999999999e-01,8.0000000000e-02
1.0000000000e-07,-5.0000000001e-01,9.9999999982e-02
