ABSVAR,dLx,dLy
0,-8.7384255393041e-01,8.5618285959652e-03
