ABSVAR,dLx,dLy
0,7.4863687355327e-01,-7.3678466241881e-02
