ABSVAR,dLx,dLy
0,-8.7703360679072e-01,8.0844994576068e-03
