ABSVAR,dLx,dLy
0,-8.7570395270858e-01,8.3345988783416e-03
