absvar-value,dLx,dLy
1.0000000000e-02,5.7992883090e+00,-4.5086799309e-01
1.0000000000e-03,5.7967020427e+00,-4.5060791000e-01
1.0000000000e-04,5.7966760220e+00,-4.5060515561e-01
1.0000000000e-05,5.7966759300e+00,-4.5060225090e-01
1.0000000000e-06,5.7966765000e+00,-4.5057856550e-01
1.0000000000e-07,5.7966394995e+00,-4.5149470003e-01
