absvar-value,dLx,dLy
1.0000000000e-02,1.2773660188e+00,-7.9840953151e-02
1.0000000000e-03,1.2749123203e+00,-8.6525698254e-02
1.0000000000e-04,1.2749101980e+00,-8.6528167956e-02
1.0000000000e-05,1.2749101945e+00,-8.6527155620e-02
1.0000000000e-06,1.2749101550e+00,-8.6530381650e-02
1.0000000000e-07,1.2749090500e+00,-8.6503435500e-02
