absvar-value,dLx,dLy
1.0000000000e-02,1.2932570000e+00,-8.6098550000e-02
1.0000000000e-03,1.2907500000e+00,-9.3054500000e-02
1.0000000000e-04,1.2905000000e+00,-9.3060000000e-02
1.0000000000e-05,1.2900000000e+00,-9.3050000000e-02
1.0000000000e-06,1.3000000000e+00,-9.3000000000e-02
1.0000000000e-07,1.0000000000e+00,-9.4999999998e-02
