absvar-value,dLx,dLy
1.0000000000e-02,5.7836670742e+00,-4.2249093683e-01
1.0000000000e-03,5.7810954154e+00,-4.2222187263e-01
1.0000000000e-04,5.7810714415e+00,-4.2220104087e-01
1.0000000000e-05,5.7810711350e+00,-4.2220785205e-01
1.0000000000e-06,5.7810704500e+00,-4.2204316350e-01
1.0000000000e-07,5.7810880005e+00,-4.2226377499e-01
