absvar-value,dLx,dLy
1.0000000000e-02,5.7642000000e+00,-4.0754950000e-01
1.0000000000e-03,5.7615000000e+00,-4.0733000000e-01
1.0000000000e-04,5.7650000000e+00,-4.0730000000e-01
1.0000000000e-05,5.7500000000e+00,-4.0750000000e-01
1.0000000000e-06,5.5000000000e+00,-4.0499999999e-01
1.0000000000e-07,5.0000000007e+00,-4.0000000000e-01
