absvar-value,dLx,dLy
1.0000000000e-02,5.7371372598e+00,-3.9215010095e-01
1.0000000000e-03,5.7346018038e+00,-3.9191211513e-01
1.0000000000e-04,5.7345764695e+00,-3.9190949799e-01
1.0000000000e-05,5.7345762200e+00,-3.9191262120e-01
1.0000000000e-06,5.7345756500e+00,-3.9190150150e-01
1.0000000000e-07,5.7345665005e+00,-3.9197683502e-01
