absvar-value,dLx,dLy
1.0000000000e-02,5.6605191799e+00,-3.6010266469e-01
1.0000000000e-03,5.6580467017e+00,-3.5986827960e-01
1.0000000000e-04,5.6580214820e+00,-3.5986642062e-01
1.0000000000e-05,5.6580213800e+00,-3.5987330160e-01
1.0000000000e-06,5.6580208999e+00,-3.5984225100e-01
1.0000000000e-07,5.6580344998e+00,-3.6054665496e-01
