absvar-value,dLx,dLy
1.0000000000e-02,5.7642271274e+00,-4.0754975583e-01
1.0000000000e-03,5.7616669417e+00,-4.0732663092e-01
1.0000000000e-04,5.7616413890e+00,-4.0732559440e-01
1.0000000000e-05,5.7616411150e+00,-4.0734262780e-01
1.0000000000e-06,5.7616419500e+00,-4.0729892500e-01
1.0000000000e-07,5.7616415006e+00,-4.0760421496e-01
