absvar-value,dLx,dLy
1.0000000000e-02,1.2937125000e+00,-8.7237150000e-02
1.0000000000e-03,1.2912000000e+00,-9.4219500000e-02
1.0000000000e-04,1.2910000000e+00,-9.4225000000e-02
1.0000000000e-05,1.2900000000e+00,-9.4200000000e-02
1.0000000000e-06,1.3000000000e+00,-9.4000000000e-02
1.0000000000e-07,1.5000000000e+00,-9.0000000000e-02
