absvar-value,dLx,dLy
1.0000000000e-02,1.2896093843e+00,-8.3702800740e-02
1.0000000000e-03,1.2871090199e+00,-9.0578576162e-02
1.0000000000e-04,1.2871068618e+00,-9.0579707037e-02
1.0000000000e-05,1.2871068385e+00,-9.0580438495e-02
1.0000000000e-06,1.2871067200e+00,-9.0579513250e-02
1.0000000000e-07,1.2871072000e+00,-9.0483634001e-02
