absvar-value,dLx,dLy
1.0000000000e-02,5.7025175800e+00,-3.7632016983e-01
1.0000000000e-03,5.7000114025e+00,-3.7608020674e-01
1.0000000000e-04,5.6999870050e+00,-3.7607748854e-01
1.0000000000e-05,5.6999864600e+00,-3.7607784555e-01
1.0000000000e-06,5.6999868000e+00,-3.7602564450e-01
1.0000000000e-07,5.6999709996e+00,-3.7686807494e-01
