absvar-value,dLx,dLy
1.0000000000e-02,5.7993000000e+00,-4.5086800000e-01
1.0000000000e-03,5.7965000000e+00,-4.5061000000e-01
1.0000000000e-04,5.7950000000e+00,-4.5060000000e-01
1.0000000000e-05,5.8000000000e+00,-4.5050000000e-01
1.0000000000e-06,6.0000000000e+00,-4.5000000000e-01
1.0000000000e-07,5.0000000007e+00,-4.4999999997e-01
