absvar-value,dLx,dLy
1.0000000000e-02,5.7953713883e+00,-4.3694070505e-01
1.0000000000e-03,5.7927900486e+00,-4.3666559160e-01
1.0000000000e-04,5.7927640120e+00,-4.3666233498e-01
1.0000000000e-05,5.7927638650e+00,-4.3666727050e-01
1.0000000000e-06,5.7927602500e+00,-4.3661861950e-01
1.0000000000e-07,5.7927639996e+00,-4.3696698003e-01
