absvar-value,dLx,dLy
1.0000000000e-02,1.2932563675e+00,-8.6098565823e-02
1.0000000000e-03,1.2907421213e+00,-9.3054702000e-02
1.0000000000e-04,1.2907399499e+00,-9.3055882333e-02
1.0000000000e-05,1.2907399280e+00,-9.3056207825e-02
1.0000000000e-06,1.2907399200e+00,-9.3055018700e-02
1.0000000000e-07,1.2907394000e+00,-9.3038492500e-02
